{"cameraMode":{"drawMode":0,"name":"Shaded","section":"Shading Mode"},"sceneLighting":false,"audioPlay":false,"sceneViewState":{"m_AlwaysRefresh":true,"showFog":false,"showSkybox":false,"showFlares":true,"showImageEffects":true,"showParticleSystems":true,"showVisualEffectGraphs":true,"m_FxEnabled":true},"in2DMode":false,"pivot":{"x":0.011843621730804444,"y":0.1106615662574768,"z":-2.915989875793457},"rotation":{"x":-0.19221028685569764,"y":0.6806814670562744,"z":-0.19235892593860627,"w":-0.6802554130554199},"size":1.3878591060638428,"orthographic":false}