{"cameraMode":{"drawMode":0,"name":"Shaded","section":"Shading Mode"},"sceneLighting":true,"audioPlay":false,"sceneViewState":{"m_AlwaysRefresh":false,"showFog":true,"showSkybox":true,"showFlares":true,"showImageEffects":true,"showParticleSystems":true,"showVisualEffectGraphs":true,"m_FxEnabled":true},"in2DMode":false,"pivot":{"x":2738.960205078125,"y":-38.105464935302737,"z":877.5440063476563},"rotation":{"x":-0.011656138114631176,"y":-0.5630633234977722,"z":0.007933275774121285,"w":-0.8263081908226013},"size":1302.2423095703125,"orthographic":false}