{"cameraMode":{"drawMode":0,"name":"Shaded","section":"Shading Mode"},"sceneLighting":true,"audioPlay":false,"sceneViewState":{"m_AlwaysRefresh":false,"showFog":true,"showSkybox":true,"showFlares":true,"showImageEffects":true,"showParticleSystems":true,"showVisualEffectGraphs":true,"m_FxEnabled":true},"in2DMode":false,"pivot":{"x":874.8561401367188,"y":1608.4224853515625,"z":142.6332244873047},"rotation":{"x":0.028287069872021676,"y":0.9593513607978821,"z":-0.26086246967315676,"w":0.1040145605802536},"size":309.7550354003906,"orthographic":true}