{"cameraMode":{"drawMode":0,"name":"Shaded","section":"Shading Mode"},"sceneLighting":true,"audioPlay":false,"sceneViewState":{"m_AlwaysRefresh":false,"showFog":true,"showSkybox":true,"showFlares":true,"showImageEffects":true,"showParticleSystems":true,"showVisualEffectGraphs":true,"m_FxEnabled":true},"in2DMode":false,"pivot":{"x":49.8303108215332,"y":105.91307067871094,"z":595.0115356445313},"rotation":{"x":0.0009481645538471639,"y":0.9975956082344055,"z":0.012564105913043023,"w":-0.06853416562080383},"size":12.854881286621094,"orthographic":false}