{"cameraMode":{"drawMode":0,"name":"Shaded","section":"Shading Mode"},"sceneLighting":true,"audioPlay":false,"sceneViewState":{"m_AlwaysRefresh":false,"showFog":true,"showSkybox":false,"showFlares":true,"showImageEffects":true,"showParticleSystems":true,"showVisualEffectGraphs":true,"m_FxEnabled":true},"in2DMode":false,"pivot":{"x":106.95158386230469,"y":197.47872924804688,"z":-140.67965698242188},"rotation":{"x":0.21139132976531983,"y":-0.00529569573700428,"z":0.0011414671316742898,"w":0.977396547794342},"size":199.651123046875,"orthographic":false}